<?xml version="1.0" encoding="UTF-8"?>
<metadata xml:lang="zh"><Esri><CreaDate>20200817</CreaDate><CreaTime>22015200</CreaTime><ArcGISFormat>1.0</ArcGISFormat><SyncOnce>FALSE</SyncOnce><DataProperties><itemProps><itemName Sync="TRUE">prd_lcz_v0817c.tif</itemName><itemLocation><linkage Sync="TRUE">file://Q:\lcz_released_v0816a\output\prd_lcz_v0817c.tif</linkage><protocol Sync="TRUE">Local Area Network</protocol></itemLocation><imsContentType Sync="TRUE">002</imsContentType><nativeExtBox><westBL Sync="TRUE">110.599500</westBL><eastBL Sync="TRUE">115.799847</eastBL><southBL Sync="TRUE">20.700238</southBL><northBL Sync="TRUE">24.704928</northBL><exTypeCode Sync="TRUE">1</exTypeCode></nativeExtBox></itemProps><coordRef><type Sync="TRUE">Geographic</type><geogcsn Sync="TRUE">GCS_WGS_1984</geogcsn><csUnits Sync="TRUE">Angular Unit: Degree (0.017453)</csUnits><peXml Sync="TRUE">&lt;GeographicCoordinateSystem xsi:type='typens:GeographicCoordinateSystem' xmlns:xsi='http://www.w3.org/2001/XMLSchema-instance' xmlns:xs='http://www.w3.org/2001/XMLSchema' xmlns:typens='http://www.esri.com/schemas/ArcGIS/10.4'&gt;&lt;WKT&gt;GEOGCS[&amp;quot;GCS_WGS_1984&amp;quot;,DATUM[&amp;quot;D_WGS_1984&amp;quot;,SPHEROID[&amp;quot;WGS_1984&amp;quot;,6378137.0,298.257223563]],PRIMEM[&amp;quot;Greenwich&amp;quot;,0.0],UNIT[&amp;quot;Degree&amp;quot;,0.0174532925199433],AUTHORITY[&amp;quot;EPSG&amp;quot;,4326]]&lt;/WKT&gt;&lt;XOrigin&gt;-400&lt;/XOrigin&gt;&lt;YOrigin&gt;-400&lt;/YOrigin&gt;&lt;XYScale&gt;11258999068426.238&lt;/XYScale&gt;&lt;ZOrigin&gt;-100000&lt;/ZOrigin&gt;&lt;ZScale&gt;10000&lt;/ZScale&gt;&lt;MOrigin&gt;-100000&lt;/MOrigin&gt;&lt;MScale&gt;10000&lt;/MScale&gt;&lt;XYTolerance&gt;8.983152841195215e-009&lt;/XYTolerance&gt;&lt;ZTolerance&gt;0.001&lt;/ZTolerance&gt;&lt;MTolerance&gt;0.001&lt;/MTolerance&gt;&lt;HighPrecision&gt;true&lt;/HighPrecision&gt;&lt;LeftLongitude&gt;-180&lt;/LeftLongitude&gt;&lt;WKID&gt;4326&lt;/WKID&gt;&lt;LatestWKID&gt;4326&lt;/LatestWKID&gt;&lt;/GeographicCoordinateSystem&gt;</peXml></coordRef><RasterProperties><General><PixelDepth Sync="TRUE">8</PixelDepth><HasColormap Sync="TRUE">FALSE</HasColormap><CompressionType Sync="TRUE">LZW</CompressionType><NumBands Sync="TRUE">1</NumBands><Format Sync="TRUE">TIFF</Format><HasPyramids Sync="TRUE">TRUE</HasPyramids><SourceType Sync="TRUE">continuous</SourceType><PixelType Sync="TRUE">unsigned integer</PixelType><NoDataValue Sync="TRUE">65536</NoDataValue></General></RasterProperties><lineage><Process ToolSource="f:\program files (x86)\arcgis\desktop10.4\ArcToolbox\Toolboxes\Data Management Tools.tbx\MosaicToNewRaster" Date="20200817" Time="220152">MosaicToNewRaster prd_lon1137-0000013568-0000000000_pref.tif;prd_lon1137-0000000000-0000000000_pref.tif;zhaoqing_left_1112_227-0000013568-0000000000_pref.tif;zhaoqing_left_1112_227-0000000000-0000000000_pref.tif;prd_lat217-0000000000-0000013568_pref.tif;prd_lat217-0000000000-0000027136_pref.tif;prd_lat237-0000000000-0000054272_pref.tif;prd_lat237-0000000000-0000040704_pref.tif;prd_lat237-0000000000-0000027136_pref.tif;prd_lat237-0000000000-0000013568_pref.tif;prd_lat237-0000000000-0000000000_pref.tif;prd_1127_237_pref.tif;prd_cpl_lat227-0000000000-0000000000_pref.tif;prd_cpl_lat227-0000000000-0000013568_pref.tif;prd_cpl_lat227-0000000000-0000027136_pref.tif;prd_cpl_lat227-0000000000-0000054272_pref.tif;prd_cpl_lat227-0000000000-0000040704_pref.tif;prd_1117_237_pref.tif;prd_1122_207_pref.tif;prd_1147_217_pref.tif;prd_1143_237_pref.tif;prd_1117_217_pred.tif;prd_1133_237_pred.tif;prd_1147_227_pred.tif;prd_1117_227_pred.tif;prd_b2_pred.tif;prd_b1_pred.tif;prd_a1_pred.tif;prd_a2_pred.tif Q:\lcz_released_v0816a\output prd_lcz_v0817c.tif # 8_BIT_UNSIGNED # 1 BLEND FIRST</Process></lineage></DataProperties><SyncDate>20200817</SyncDate><SyncTime>22015200</SyncTime><ModDate>20200817</ModDate><ModTime>22015200</ModTime></Esri><dataIdInfo><envirDesc Sync="TRUE"> Version 6.2 (Build 9200) ; Esri ArcGIS 10.4.1.5686</envirDesc><dataLang><languageCode value="zho" Sync="TRUE"></languageCode><countryCode value="CHN" Sync="TRUE"></countryCode></dataLang><idCitation><resTitle Sync="TRUE">prd_lcz_v0817c.tif</resTitle><presForm><PresFormCd value="005" Sync="TRUE"></PresFormCd></presForm></idCitation><spatRpType><SpatRepTypCd value="002" Sync="TRUE"></SpatRepTypCd></spatRpType><dataExt><geoEle><GeoBndBox esriExtentType="search"><exTypeCode Sync="TRUE">1</exTypeCode><westBL Sync="TRUE">110.599500</westBL><eastBL Sync="TRUE">115.799847</eastBL><northBL Sync="TRUE">24.704928</northBL><southBL Sync="TRUE">20.700238</southBL></GeoBndBox></geoEle></dataExt></dataIdInfo><mdLang><languageCode value="zho" Sync="TRUE"></languageCode><countryCode value="CHN" Sync="TRUE"></countryCode></mdLang><mdChar><CharSetCd value="004" Sync="TRUE"></CharSetCd></mdChar><distInfo><distFormat><formatName Sync="TRUE">Raster Dataset</formatName></distFormat></distInfo><mdHrLv><ScopeCd value="005" Sync="TRUE"></ScopeCd></mdHrLv><mdHrLvName Sync="TRUE">dataset</mdHrLvName><refSysInfo><RefSystem><refSysID><identCode code="4326" Sync="TRUE"></identCode><idCodeSpace Sync="TRUE">EPSG</idCodeSpace><idVersion Sync="TRUE">6.14(3.0.1)</idVersion></refSysID></RefSystem></refSysInfo><spatRepInfo><Georect><cellGeo><CellGeoCd Sync="TRUE" value="002"></CellGeoCd></cellGeo><numDims Sync="TRUE">2</numDims><tranParaAv Sync="TRUE">1</tranParaAv><chkPtAv Sync="TRUE">0</chkPtAv><cornerPts><pos Sync="TRUE">110.599500 20.700238</pos></cornerPts><cornerPts><pos Sync="TRUE">110.599500 24.704928</pos></cornerPts><cornerPts><pos Sync="TRUE">115.799847 24.704928</pos></cornerPts><cornerPts><pos Sync="TRUE">115.799847 20.700238</pos></cornerPts><centerPt><pos Sync="TRUE">113.199673 22.702583</pos></centerPt><axisDimension type="002"><dimSize Sync="TRUE">5789</dimSize><dimResol><value Sync="TRUE" uom="deg">0.000898</value></dimResol></axisDimension><axisDimension type="001"><dimSize Sync="TRUE">4458</dimSize><dimResol><value Sync="TRUE" uom="deg">0.000898</value></dimResol></axisDimension><ptInPixel><PixOrientCd Sync="TRUE" value="001"></PixOrientCd></ptInPixel></Georect></spatRepInfo><contInfo><ImgDesc><contentTyp><ContentTypCd Sync="TRUE" value="001"></ContentTypCd></contentTyp><covDim><Band><dimDescrp Sync="TRUE">Band_1</dimDescrp><maxVal Sync="TRUE">17.000000</maxVal><minVal Sync="TRUE">0.000000</minVal><bitsPerVal Sync="TRUE">8</bitsPerVal><valUnit><UOM type="length"></UOM></valUnit></Band></covDim></ImgDesc></contInfo><mdDateSt Sync="TRUE">20200817</mdDateSt></metadata>
