<?xml version="1.0" encoding="UTF-8"?>
<metadata xml:lang="zh"><Esri><CreaDate>20200208</CreaDate><CreaTime>10024500</CreaTime><ArcGISFormat>1.0</ArcGISFormat><SyncOnce>TRUE</SyncOnce><DataProperties><lineage><Process ToolSource="f:\program files (x86)\arcgis\desktop10.4\ArcToolbox\Toolboxes\Conversion Tools.tbx\RasterToPolygon" Date="20200208" Time="100245">RasterToPolygon sz_train10b.tif Q:\so2sat_lcz\sample_6+2_shp\sample_shp_zh_sz\shenzhen_train.shp SIMPLIFY Value</Process></lineage></DataProperties></Esri></metadata>
