<?xml version="1.0" encoding="UTF-8"?>
<metadata xml:lang="zh"><Esri><CreaDate>20191217</CreaDate><CreaTime>21220300</CreaTime><ArcGISFormat>1.0</ArcGISFormat><SyncOnce>TRUE</SyncOnce><DataProperties><lineage><Process ToolSource="f:\program files (x86)\arcgis\desktop10.4\ArcToolbox\Toolboxes\Conversion Tools.tbx\PolygonToRaster" Date="20191217" Time="212203">PolygonToRaster sh_train FolderPath Q:\so2sat_lcz\sample_shp\sh_train.tif MAXIMUM_AREA NONE 10</Process></lineage></DataProperties></Esri></metadata>
